,r,rho,vp,vs,K,G
0,0.0,8943.878918949735,7005.692367554939,3603.139031795933,284143256304.5959,116114899784.4839
1,260614.011693629,8901.85295475648,6963.6451387562975,3588.61191175267,278819443828.04443,114639268135.5836
2,328509.77722596464,8886.27407264252,6948.05654258277,3583.2211223392665,276862457352.16254,114095081460.9458
3,376198.7088214223,8873.986431805582,6935.760584608503,3578.9671059292245,275325197766.88226,113666941414.1224
4,414195.6815579315,8863.360446655151,6925.126726984663,3575.2868304179538,274000261122.3192,113297464149.61256
5,446299.61382003344,8853.781933631755,6915.540670234576,3571.9681613013827,272809464021.61002,112965018953.21938
6,474371.93791001156,8844.942309104199,6906.693669293945,3568.904499945328,271713487797.30362,112658731857.94553
7,499482.1972719208,8836.659590702857,6898.403667948457,3566.032990461924,270689134978.40536,112372188375.54532
8,522310.05018761277,8828.815055358764,6890.551891725827,3563.312627285237,269721266986.6839,112101202972.97137
9,543318.6849571839,8821.326257229533,6883.055858172326,3560.7149355528622,268799367763.37747,111842868522.41838
10,562837.9699985707,8814.13392679771,6875.8562717682435,3558.2194469809474,267915871752.26154,111595094165.3722
11,581108.9226742616,8807.195101936424,6868.91015156209,3555.811328577892,267065283620.31534,111356362387.26141
12,598306.5667586932,8800.478893592774,6862.186605142476,3553.479923448306,266243635905.63263,111125579278.42647
13,614567.6948581054,8793.953722616237,6855.654033441234,3551.2143203171145,265446912119.55658,110901633360.98444
14,630072.037250493,8787.601188904713,6849.294034121947,3549.008175282213,264672735529.49265,110683870731.18652
15,644687.2868833649,8781.403291865516,6843.08859909922,3546.855275592671,263918798232.89124,110471654665.42903
16,659893.6941071056,7530.301973991584,5405.729779794312,0.0,220375426607.03345,0.0
17,675751.8440483166,7524.243238810664,5399.152752675381,0.0,219661093477.76843,0.0
18,690704.8535235024,7518.31197036833,5392.714171281605,0.0,218963274134.04465,0.0
19,705099.5571722592,7512.504293483877,5386.409826568089,0.0,218281418010.62003,0.0
20,718926.6309018689,7506.808987758191,5380.227537803675,0.0,217614120795.3967,0.0
21,732252.0802717208,7501.211828300463,5374.151861864331,0.0,216959639587.7619,0.0
22,745120.467711351,7495.707836827031,5368.177395392028,0.0,216317324393.26074,0.0
23,757568.5482635222,7490.291779998396,5362.298455694722,0.0,215686501136.36063,0.0
24,769628.8852232893,7484.957458409059,5356.50831202954,0.0,215066389396.10464,0.0
25,781330.5390822436,7479.698702420271,5350.8002662385625,0.0,214456218670.99347,0.0
26,792699.4289913959,7474.510192615418,5345.168543685744,0.0,213855323090.28558,0.0
27,803758.616428682,7469.387466992476,5339.608301015875,0.0,213263141142.38916,0.0
28,814528.7064030862,7464.326780126697,5334.115472362071,0.0,212679198312.7397,0.0
29,825028.1927915065,7459.324829918309,5328.686473162696,0.0,212103074803.67554,0.0
30,835273.7449712786,7454.378585931397,5323.318013823676,0.0,211534385260.81525,0.0
31,845280.445668487,7449.485171796527,5318.00697191167,0.0,210972764916.5984,0.0
32,855061.9906288786,7444.641914532446,5312.750445871727,0.0,210417875022.58655,0.0
33,864630.8580412026,7439.846361872704,5307.54577386402,0.0,209869404564.56372,0.0
34,873998.4522065487,7435.096246778225,5302.390495174364,0.0,209327065934.33362,0.0
35,883175.2263025877,7430.389481896803,5297.282343803676,0.0,208790594038.5122,0.0
36,892170.7882581718,7425.724139029288,5292.219227781737,0.0,208259743866.1919,0.0
37,900994.0020555098,7421.098431382223,5287.199206984719,0.0,207734288065.09247,0.0
38,909653.0612928359,7416.510697011701,5282.220477699199,0.0,207214015086.6484,0.0
39,918155.5455563231,7411.9593948247175,5277.281367416508,0.0,206698728520.98508,0.0
40,926508.4918176758,7407.443086062528,5272.380314732904,0.0,206188244865.49902,0.0
41,934718.4442477186,7402.960429318929,5267.515863849931,0.0,205682392837.3576,0.0
42,942791.5003979362,7398.5101709276205,5262.686654174263,0.0,205181012182.70032,0.0
43,950733.3522059881,7394.091135418891,5257.89141010274,0.0,204683952515.10065,0.0
44,958549.322234326,7389.70221703023,5253.128931713383,0.0,204191072267.474,0.0
45,966244.3958820438,7385.342377135849,5248.398091972678,0.0,203702238325.34558,0.0
46,973823.2501163943,7381.010640201704,5243.697832343376,0.0,203217325499.8931,0.0
47,981290.2791638601,7376.706085142003,5239.02715340267,0.0,202736215493.46567,0.0
48,988649.6175341916,7372.427840997533,5234.385110150665,0.0,202258796357.6951,0.0
49,995905.1607069941,7368.175082907556,5229.77080763739,0.0,201784961990.1406,0.0
50,1003060.5837738828,7363.947029706731,5225.183398353341,0.0,201314611816.9714,0.0
51,1010119.3582762858,7359.742940059077,5220.622078032899,0.0,200847650316.8469,0.0
52,1017084.7674319153,7355.562109494092,5216.086082440313,0.0,200383986649.974,0.0
53,1023959.9199469734,7351.403867627978,5211.574684363867,0.0,199923534312.06802,0.0
54,1030747.7625649122,7347.267575950301,5207.087191187521,0.0,199466210851.74918,0.0
55,1037451.091489571,7343.1526264124195,5202.6229433675735,0.0,199011937681.89447,0.0
56,1044072.5628048904,7339.058438730444,5198.181311506955,0.0,198560639750.88937,0.0
57,1050614.7019940955,7334.9844585593655,5193.761694373097,0.0,198112245312.84967,0.0
58,1057079.912652199,7330.93015579943,5189.363517059286,0.0,197666685714.70563,0.0
59,1063470.4844613227,7326.895023074667,5184.986229332994,0.0,197223895204.32916,0.0
60,1069788.600307844,7322.8785747675165,5180.629304587549,0.0,196783810801.4869,0.0
61,1076036.343308763,7318.880345530452,5176.29223822642,0.0,196346372112.95926,0.0
62,1082215.7030183044,7314.89988867456,5171.974545914268,0.0,195911521136.06033,0.0
63,1088328.5810900545,7310.936775501858,5167.675762851741,0.0,195479202166.92734,0.0
64,1094376.7965671127,7306.990594235639,5163.395442614459,0.0,195049361666.02777,0.0
65,1100362.0907743266,7303.060949065816,5159.133156122526,0.0,194621948137.89267,0.0
66,1106286.1318483604,7299.14745927344,5154.888490682347,0.0,194196912019.64142,0.0
67,1112150.518937638,7295.249758349902,5150.661049029797,0.0,193774205570.51974,0.0
68,1117956.7857640488,7291.367493675101,5146.450448982936,0.0,193353782823.22076,0.0
69,1123706.4011055047,7287.500327755807,5142.256324784241,0.0,192935599704.1327,0.0
70,1129400.774931302,7283.647935867317,5138.0783245419825,0.0,192519613764.54434,0.0
71,1135041.2645103014,7279.810002655306,5133.916106544204,0.0,192105783802.20648,0.0
72,1140629.1738685775,7275.9862246191315,5129.769341951387,0.0,191694070119.0279,0.0
73,1146165.7571299907,7272.176309023391,5125.63771361537,0.0,191284434392.87338,0.0
74,1151652.2213865106,7268.3799740623135,5121.520916256986,0.0,190876839684.9336,0.0
75,1157089.728995887,7264.596947520558,5117.4186550131335,0.0,190471250285.9954,0.0
76,1162479.3998309495,7260.826966242209,5113.330644860441,0.0,190067631650.53885,0.0
77,1167822.313387726,7257.069775360157,5109.256609779096,0.0,189665950305.83356,0.0
78,1173119.5107606975,7253.3251282634155,5105.196282697103,0.0,189266173839.17233,0.0
79,1178371.9964981657,7249.592786372254,5101.149405244483,0.0,188868270866.0694,0.0
80,1183580.7403457116,7245.87251868213,5097.115727308784,0.0,188472210977.82883,0.0
81,1188746.6788842503,7242.164101474578,5093.0950066921505,0.0,188077964701.7291,0.0
82,1193870.7170716245,7238.467317995395,5089.087008761343,0.0,187685503460.0959,0.0
83,1198953.729693003,7234.78195815081,5085.091506117988,0.0,187294799531.69794,0.0
84,1203996.5627292804,7231.107818219336,5081.1082782856865,0.0,186905826015.13773,0.0
85,1209000.0346477907,7227.44470057929,5077.1371114143985,0.0,186518556794.24365,0.0
86,1213964.9376193332,7223.792413451846,5073.177798001358,0.0,186132966505.38565,0.0
87,1218892.0386679636,7220.150770657546,5069.230136626913,0.0,185749030506.5215,0.0
88,1223782.0807578308,7216.519591385529,5065.29393170395,0.0,185366724847.839,0.0
89,1228635.7838208,7212.898699974989,5061.368993240743,0.0,184986026243.95218,0.0
90,1233453.8457289855,7209.287925707863,5057.455136615807,0.0,184606912047.50616,0.0
91,1238236.9432157432,7205.687102612051,5053.552182364454,0.0,184229360224.13647,0.0
92,1242985.7327483054,7202.096068837455,5049.659955739692,0.0,183853349299.43732,0.0
93,1247700.8513551366,7198.514668480923,5045.778287601651,0.0,183478858470.27518,0.0
94,1252382.917410898,7194.942748128951,5041.907012457626,0.0,183105867363.2752,0.0
95,1257032.531381459,7191.380159048785,5038.045969560454,0.0,182734356171.89496,0.0
96,1261650.27653107,7187.826756465318,5034.195002464142,0.0,182364305600.77448,0.0
97,1266236.719595955,7184.2823993024385,5030.353958743233,0.0,181995696835.37473,0.0
98,1270792.4114234864,7180.746950075695,5026.522689876267,0.0,181628511527.58096,0.0
99,1275317.8875804574,7177.2202747859765,5022.701051130223,0.0,181262731781.52618,0.0
100,1279813.6689321904,7173.702242793338,5018.888901423632,0.0,180898340137.49216,0.0
101,1284280.2621940519,7170.1927266966295,5015.086103195796,0.0,180535319556.53418,0.0
102,1288718.1604569561,7166.69160221856,5011.292522282025,0.0,180173653405.80286,0.0
103,1293127.8436883301,7163.198748095927,5007.508027794549,0.0,179813325444.52728,0.0
104,1297509.7792099193,7159.714045974717,5003.732492008496,0.0,179454319810.60092,0.0
105,1301864.422153715,7156.2373803098135,4999.965790253104,0.0,179096621007.76926,0.0
106,1306192.2158972179,7152.768638269082,4996.207800807588,0.0,178740213893.366,0.0
107,1310493.5924791507,7149.307709646796,4992.458404804311,0.0,178385083666.9173,0.0
108,1314768.9729966868,7145.854486844671,4988.717486170898,0.0,178031215863.42123,0.0
109,1319018.7679851772,7142.408864675744,4984.984931478081,0.0,177678596335.218,0.0
110,1323243.3777813022,7138.970740300204,4981.260629860928,0.0,177327211242.7514,0.0
111,1327443.1928705228,7135.540013170735,4977.544472947426,0.0,176977047046.1765,0.0
112,1331618.5942196434,7132.116584958414,4973.836354777917,0.0,176628090495.8616,0.0
113,1335769.953595254,7128.700359481624,4970.136171727991,0.0,176280328623.2873,0.0
114,1339897.6338687765,7125.291360809614,4966.44394588357,0.0,175933760430.57205,0.0
115,1344001.9893087856,7121.889466626625,4962.759546467779,0.0,175588370449.84836,0.0
116,1348083.365861253,7118.493511469743,4959.081753240053,0.0,175244040307.0488,0.0
117,1352142.101417645,7115.105311452297,4955.412460382534,0.0,174900946225.57074,0.0
118,1356178.5260721408,7111.723833188622,4951.750585719766,0.0,174558982912.95483,0.0
119,1360192.9623704306,7108.348995651251,4948.096041955812,0.0,174218139282.2319,0.0
120,1364185.725546681,7104.980719636811,4944.448743778131,0.0,173878404481.3896,0.0
121,1368157.1237528543,7101.618927684168,4940.808607768723,0.0,173539767883.64578,0.0
122,1372107.4582798942,7098.263543937262,4937.1755522555395,0.0,173202219072.24655,0.0
123,1376037.0237650003,7094.91449410034,4933.5494972638,0.0,172865747834.65103,0.0
124,1379946.108395513,7091.571705391007,4929.930364465116,0.0,172530344156.55295,0.0
125,1383834.9940954344,7088.235104748355,4926.318075305714,0.0,172195998045.77383,0.0
126,1387703.956690627,7084.904627041619,4922.712559572951,0.0,171862700331.72934,0.0
127,1391553.2661206466,7081.580195556003,4919.113735025811,0.0,171530440761.5657,0.0
128,1395383.1866010756,7078.2617413030075,4915.521527547077,0.0,171199209883.23163,0.0
129,1399193.9767555639,7074.949194945875,4911.935862708567,0.0,170868998256.37845,0.0
130,1402985.8896453858,7071.642488596193,4908.356667664682,0.0,170539796627.67743,0.0
131,1406759.1730843415,7068.341555650331,4904.783870969283,0.0,170211595913.02014,0.0
132,1410514.0697382244,7065.046330806384,4901.2174025922595,0.0,169884387198.05408,0.0
133,1414250.817267061,7061.75675002962,4897.657193882114,0.0,169558161733.72632,0.0
134,1417969.6485479358,7058.47275045105,4894.1031774561625,0.0,169232910925.24176,0.0
135,1421670.791701898,7055.194270431617,4890.555287269754,0.0,168908626337.46204,0.0
136,1425354.47023948,7051.921249515393,4887.013458565676,0.0,168585299689.32614,0.0
137,1429020.903199865,7048.653628388491,4883.477627829586,0.0,168262922848.86624,0.0
138,1432670.3053339934,7045.391348794753,4879.94773269861,0.0,167941487824.00034,0.0
139,1436302.887157162,7042.134353570616,4876.4237119990885,0.0,167620986765.12766,0.0
140,1439918.8550661218,7038.882586611222,4872.905505709825,0.0,167301411960.9446,0.0
141,1443518.4114581072,7035.635992837114,4869.393054925931,0.0,166982755834.34717,0.0
142,1447101.7548373912,7032.394518168502,4865.886301830952,0.0,166665010939.1109,0.0
143,1450669.0799164802,7029.158109502198,4862.385189671792,0.0,166348169956.85144,0.0
144,1454220.5777151522,7025.926714687951,4858.889662733169,0.0,166032225693.96097,0.0
145,1457756.4356562858,7022.700282503756,4855.39966631069,0.0,165717171078.4491,0.0
146,1461276.8376583736,7019.478762633618,4851.915146686863,0.0,165402999157.06458,0.0
147,1464781.9642250305,7016.262105652729,4848.436051114938,0.0,165089703093.14825,0.0
148,1468271.9925316158,7013.050263002359,4844.962327791668,0.0,164777276163.50412,0.0
149,1471747.096509176,7009.84318696943,4841.493925835238,0.0,164465711755.75494,0.0
150,1475207.4469294674,7006.64083066292,4838.030795259833,0.0,164155003365.41437,0.0
151,1478653.21147927,7003.442228607508,4834.5719295670815,0.0,163845057953.90472,0.0
152,1482084.5548354841,7000.249175102561,4831.119196244144,0.0,163536042696.71652,0.0
153,1485501.638740526,6997.060705403449,4827.671589536364,0.0,163227864567.44278,0.0
154,1488904.6220738136,6993.876775739622,4824.229062860677,0.0,162920517470.82294,0.0
155,1492293.660921057,6990.697343077346,4820.791570437537,0.0,162613995408.24103,0.0
156,1495668.9086414282,6987.522272514796,4817.3589709023145,0.0,162308283807.35904,0.0
157,1499030.515932694,6984.351572325239,4813.931271971976,0.0,162003381554.4079,0.0
158,1502378.630899125,6981.185231411194,4810.508461220145,0.0,161699285728.40384,0.0
159,1505713.39910996,6978.023208746284,4807.09049510011,0.0,161395990628.35406,0.0
160,1509034.9636536448,6974.865463946597,4803.677330767594,0.0,161093490638.61053,0.0
161,1512343.4651991038,6971.7119572536885,4800.2689260624,0.0,160791780226.76117,0.0
162,1515639.042051727,6968.562649521031,4796.865239493662,0.0,160490853941.85815,0.0
163,1518921.8302077192,6965.417502200872,4793.466230225642,0.0,160190706412.70377,0.0
164,1522191.9634068727,6962.276477331415,4790.071858063859,0.0,159891332346.179,0.0
165,1525449.5731838157,6959.139537524383,4786.682083441617,0.0,159592726525.61862,0.0
166,1528694.7889209832,6956.0066459493655,4783.2968674030335,0.0,159294883808.89148,0.0
167,1531927.7378981381,6952.877766321964,4779.916171590271,0.0,158997799126.8602,0.0
168,1535148.5453309119,6949.7528628996615,4776.539958239009,0.0,158701467482.57803,0.0
169,1538357.334420766,6946.631900466639,4773.168190162009,0.0,158405883949.4465,0.0
170,1541554.226399477,6943.514844322858,4769.800830737333,0.0,158111043669.79266,0.0
171,1544739.340572283,6940.401660273499,4766.437843896881,0.0,157816941853.4852,0.0
172,1547912.7943598328,6937.292314618647,4763.079194115259,0.0,157523573776.58823,0.0
173,1551074.7033389846,6934.186774143262,4759.724846398912,0.0,157230934780.04807,0.0
174,1554225.1812756865,6931.085006115427,4756.374766283186,0.0,156939020269.10376,0.0
175,1557364.340206708,6927.986978263287,4753.028919796249,0.0,156647825710.05768,0.0
176,1560492.2903997349,6924.892658800399,4749.687273505859,0.0,156357346633.54587,0.0
177,1563609.1404469723,6921.80201635508,4746.349794439148,0.0,156067578627.3154,0.0
178,1566714.9972848464,6918.7150199941825,4743.01645010483,0.0,155778517337.91895,0.0
179,1569809.9662286742,6915.631639214738,4739.6872084841925,0.0,155490158469.6133,0.0
180,1572894.1510064169,6912.551843935518,4736.362038021891,0.0,155202497783.25046,0.0
181,1575967.653791547,6909.4756044888245,4733.040907617207,0.0,154915531095.21164,0.0
182,1579030.575241398,6906.402891604449,4729.723786606601,0.0,154629254275.6035,0.0
183,1582083.0145563504,6903.3336763768575,4726.410644728322,0.0,154343663244.91736,0.0
184,1585125.0694458638,6900.267930321971,4723.101452183726,0.0,154058753979.03366,0.0
185,1588156.8361816362,6897.205625343292,4719.796179600695,0.0,153774522505.77734,0.0
186,1591178.409632988,6894.146733719527,4716.494798020218,0.0,153490964903.4867,0.0
187,1594189.8832949663,6891.091228097509,4713.197278888814,0.0,153208077300.08994,0.0
188,1597191.3493157367,6888.039081485267,4709.903594050978,0.0,152925855872.1936,0.0
189,1600182.8985232888,6884.9902672452745,4706.613715741981,0.0,152644296844.20355,0.0
190,1603164.620451471,6881.944759087862,4703.327616580684,0.0,152363396487.45673,0.0
191,1606136.603365382,6878.902531064758,4700.045269562591,0.0,152083151119.37692,0.0
192,1609098.934286129,6875.863557562807,4696.766648053088,0.0,151803557102.65204,0.0
193,1612051.6990149806,6872.827813297836,4693.491725780804,0.0,151524610844.4286,0.0
194,1614994.9821569265,6869.795273308627,4690.220476831115,0.0,151246308795.5224,0.0
195,1617928.8671436636,6866.7659129510685,4686.952875639858,0.0,150968647449.6528,0.0
196,1620853.436256026,6863.739707892417,4683.688896987101,0.0,150691623342.6875,0.0
197,1623768.770645872,6860.716634105701,4680.428515991161,0.0,150415233051.91162,0.0
198,1626674.9503574506,6857.696667864241,4677.1717081026545,0.0,150139473195.3065,0.0
199,1629572.054348253,6854.679785736297,4673.918449098774,0.0,149864340430.85025,0.0
200,1632460.1605093728,6851.665964603969,4670.66871509127,0.0,149589831457.26233,0.0
201,1635339.3456853842,6848.655181650244,4667.422482516628,0.0,149315943012.86526,0.0
202,1638209.6856937537,6845.647414306087,4664.179728103414,0.0,149042671872.0752,0.0
203,1641071.255343795,6842.642640277304,4660.9404288850465,0.0,148770014846.65433,0.0
204,1643924.1284551881,6839.640837540069,4657.704562194784,0.0,148497968785.09897,0.0
205,1646768.3778760652,6836.641984336254,4654.472105660773,0.0,148226530572.0304,0.0
206,1649604.0755006808,6833.6460591688365,4651.2430372010485,0.0,147955697127.5888,0.0
207,1652431.29228668,6830.65304079745,4648.017335018724,0.0,147685465406.84613,0.0
208,1655250.0982719674,6827.662908234047,4644.7949775974475,0.0,147415832399.2417,0.0
209,1658060.5625911981,6824.675640739723,4641.575943697808,0.0,147146795128.10788,0.0
210,1660862.7534918925,6821.691217818411,4638.360212350694,0.0,146878350649.93704,0.0
211,1663656.7383501912,6818.7096192132485,4635.1477628533885,0.0,146610496053.8847,0.0
212,1666442.583686257,6815.730824903046,4631.93857476564,0.0,146343228461.2769,0.0
213,1669220.3551793315,6812.7548150983575,4628.732627905621,0.0,146076545025.10413,0.0
214,1671990.117682462,6809.781570237613,4625.529902345658,0.0,145810442929.50656,0.0
215,1674751.9352368994,6806.811070983368,4622.330378408219,0.0,145544919389.28036,0.0
216,1677505.8710861832,6803.843298218617,4619.134036662024,0.0,145279971649.39703,0.0
217,1680251.987689917,6800.878233043157,4615.94085791802,0.0,145015596984.51804,0.0
218,1682990.346737245,6797.915856770045,4612.750823225777,0.0,144751792698.54083,0.0
219,1685721.009160036,6794.956150922167,4609.563913869574,0.0,144488556124.13144,0.0
220,1688444.035145784,6791.999097228826,4606.380111364942,0.0,144225884622.28812,0.0
221,1691159.4841502325,6789.04467762232,4603.199397454891,0.0,143963775581.88843,0.0
222,1693867.4149097267,6786.093737435685,4600.022646063606,0.0,143702300608.289,0.0
223,1696567.885459922,6783.144531835471,4596.848054564851,0.0,143441308605.83557,0.0
224,1699260.9531601982,6780.1979072675595,4593.676498179889,0.0,143180871391.50375,0.0
225,1701946.6746652448,6777.253846439545,4590.507959522468,0.0,142920986461.0833,0.0
226,1704625.1059550354,6774.312332247795,4587.3424214186825,0.0,142661651336.31516,0.0
227,1707296.3023481953,6771.373347793355,4584.17986691379,0.0,142402863565.54163,0.0
228,1709960.3185128793,6768.4368763875245,4581.020279274206,0.0,142144620723.82126,0.0
229,1712617.2084774203,6765.502901481728,4577.86364194576,0.0,141886920408.65585,0.0
230,1715267.025640763,6762.571406701982,4574.70993857198,0.0,141629760241.7781,0.0
231,1717909.8227826809,6759.642375847478,4571.559152991801,0.0,141373137868.85992,0.0
232,1720545.6520737838,6756.715792888544,4568.411269237342,0.0,141117050959.21295,0.0
233,1723174.5650853254,6753.791641963586,4565.266271530807,0.0,140861497205.4147,0.0
234,1725796.6127988084,6750.869911697891,4562.124148739899,0.0,140606474688.656,0.0
235,1728411.8456153977,6747.950624421875,4558.984924514946,0.0,140351984345.66858,0.0
236,1731020.313365146,6745.033724585813,4555.848542177061,0.0,140098020531.89963,0.0
237,1733622.0653160317,6742.119197031189,4552.714986737966,0.0,139844581033.70178,0.0
238,1736217.1501828202,6739.20702645158,4549.584243059691,0.0,139591663632.67752,0.0
239,1738805.6161357472,6736.297198157807,4546.456296677239,0.0,139339266172.06787,0.0
240,1741387.5108090327,6733.389698281431,4543.331134017109,0.0,139087386574.01407,0.0
241,1743962.881309225,6730.484512524459,4540.208741053233,0.0,138836022730.97913,0.0
242,1746531.774223385,6727.58162620608,4537.089103357587,0.0,138585172510.00256,0.0
243,1749094.2356271069,6724.681024825885,4533.972206705651,0.0,138334833801.46603,0.0
244,1751650.3110923867,6721.782694068431,4530.858037081233,0.0,138085004519.36377,0.0
245,1754200.0456953368,6718.8866198005,4527.746580673711,0.0,137835682600.95853,0.0
246,1756743.4840237526,6715.992788068488,4524.637823875023,0.0,137586866006.42746,0.0
247,1759280.6701845338,6713.1011850957975,4521.531753277081,0.0,137338552718.53499,0.0
248,1761811.6478109641,6710.211797280291,4518.42835566891,0.0,137090740742.29333,0.0
249,1764336.4600698529,6707.3246111918015,4515.327618034059,0.0,136843428104.6423,0.0
250,1766855.1496685415,6704.439613569692,4512.229527547927,0.0,136596612854.12671,0.0
251,1769367.7588617762,6701.556791320442,4509.134071575251,0.0,136350293060.58652,0.0
252,1771874.3294584542,6698.6761315153035,4506.041237667587,0.0,136104466814.84958,0.0
253,1774374.9028282415,6695.797621387988,4502.9510135608125,0.0,135859132228.42856,0.0
254,1776869.519908069,6692.921248332412,4499.863387172732,0.0,135614287433.22643,0.0
255,1779358.2212085063,6690.046999900455,4496.778346600709,0.0,135369930581.24655,0.0
256,1781841.046820019,6687.174863887061,4493.695880197899,0.0,135126059850.83295,0.0
257,1784318.03641911,6684.304828250744,4490.615976494498,0.0,134882673440.17618,0.0
258,1786789.229274349,6681.436880992101,4487.538624094933,0.0,134639769558.53305,0.0
259,1789254.6642522914,6678.571010262897,4484.463811775843,0.0,134397346434.29378,0.0
260,1791714.3798232882,6675.70720436458,4481.391528484438,0.0,134155402314.75804,0.0
261,1794168.4140671932,6672.845451746031,4478.321763336038,0.0,133913935465.84854,0.0
262,1796616.804678964,6669.985741001627,4475.254505612045,0.0,133672944171.85712,0.0
263,1799059.5889741657,6667.128060869418,4472.189744758005,0.0,133432426735.20131,0.0
264,1801496.8036650242,6664.272400629629,4469.1274708109195,0.0,133192381509.81062,0.0
265,1803928.4844875648,6661.418750262215,4466.067674567966,0.0,132952806914.04582,0.0
266,1806354.6669755322,6658.567099711798,4463.010346798152,0.0,132713701368.72253,0.0
267,1808775.386198972,6655.717439201064,4459.955478578409,0.0,132475063323.34836,0.0
268,1811190.6771801093,6652.869758579125,4456.9030605950065,0.0,132236891201.49377,0.0
269,1813600.5751519545,6650.024047388346,4453.853083215524,0.0,131999183406.55931,0.0
270,1816005.1146784022,6647.180295624836,4450.805537304064,0.0,131761938385.32999,0.0
271,1818404.330025163,6644.338493366796,4447.760413822863,0.0,131525154596.7781,0.0
272,1820798.2549589316,6641.4986310528575,4444.717704130501,0.0,131288830535.15475,0.0
273,1823186.9227806479,6638.660699119137,4441.677399593011,0.0,131052964699.64537,0.0
274,1825570.3665664233,6635.824688688608,4438.639492322408,0.0,130817555651.54948,0.0
275,1827948.619055756,6632.990592026838,4435.603975664396,0.0,130582602051.66394,0.0
276,1830321.7126555708,6630.158393909804,4432.570834953658,0.0,130348101945.4009,0.0
277,1832689.6794449696,6627.328084944046,4429.540061781418,0.0,130114053867.49081,0.0
278,1835052.5511798868,6624.499659814177,4426.511652115468,0.0,129880456694.26663,0.0
279,1837410.3592971375,6621.673112258312,4423.485600919088,0.0,129647309227.35477,0.0
280,1839763.134916789,6618.8484350549725,4420.461902137491,0.0,129414610193.07193,0.0
281,1842110.9088479588,6616.0256200308295,4417.440548706884,0.0,129182358243.56052,0.0
282,1844453.711593285,6613.204658070007,4414.42153256505,0.0,128950551958.03525,0.0
283,1846791.5733102532,6610.385539170671,4411.404844712637,0.0,128719189847.90907,0.0
284,1849124.5235309936,6607.568252824398,4408.390475619669,0.0,128488270388.31544,0.0
285,1851452.5912056663,6604.752787905241,4405.378415107241,0.0,128257792009.28203,0.0
286,1853775.805126061,6601.939131915595,4402.36865154099,0.0,128027753034.39954,0.0
287,1856094.1906088432,6599.127275988011,4399.361177156815,0.0,127798152088.28484,0.0
288,1858407.7768072009,6596.317204865135,4396.35597737633,0.0,127568987279.92499,0.0
289,1860716.5883667064,6593.508907987193,4393.353042670924,0.0,127340257108.70195,0.0
290,1863020.6505542013,6590.702372849943,4390.352361445222,0.0,127111959921.29387,0.0
291,1865319.9890048853,6587.897585397537,4387.353920458391,0.0,126884093944.55965,0.0
292,1867614.631046906,6585.0945277673045,4384.357702414828,0.0,126656657103.45503,0.0
293,1869904.6028198805,6582.293183401951,4381.3636914302915,0.0,126429647436.98407,0.0
294,1872189.9317296613,6579.493532247215,4378.371867899619,0.0,126203062709.09392,0.0
295,1874470.6541975965,6576.695541088956,4375.3821981750025,0.0,125976899629.88861,0.0
296,1876746.8070972809,6573.89917673694,4372.394648659383,0.0,125751154925.97807,0.0
297,1879018.4298856973,6571.104411359591,4369.409191505227,0.0,125525825770.28473,0.0
298,1881285.5646906833,6568.31122796862,4366.425810468772,0.0,125300910220.62575,0.0
299,1883548.2546233162,6565.519625513447,4363.444506343035,0.0,125076407623.58209,0.0
300,1885806.5377658624,6562.729623644945,4360.465302033161,0.0,124852318988.70758,0.0
301,1888060.4356726916,6559.941277226326,4357.488258033871,0.0,124628648141.23697,0.0
302,1890309.9564739885,6557.154675653548,4354.513471678716,0.0,124405401649.72327,0.0
303,1892555.1088541194,6554.369922295536,4351.541055171278,0.0,124182587164.51068,0.0
304,1894795.8689265132,6551.587179106477,4348.571183183358,0.0,123960216973.41531,0.0
305,1897032.2056798982,6548.806552882817,4345.603971444726,0.0,123738298900.1466,0.0
306,1899264.076403192,6546.028047592057,4342.63942592216,0.0,123516832535.18324,0.0
307,1901491.445846279,6543.251534176723,4339.677410682571,0.0,123295806885.83281,0.0
308,1903714.4181145662,6540.476601044503,4336.717488524968,0.0,123075188564.6177,0.0
309,1905933.37188038,6537.702352884176,4333.758706639707,0.0,122854905967.95403,0.0
310,1908149.008162371,6534.927387487006,4330.799572257408,0.0,122634847683.952,0.0
311,1910360.9632397457,6532.151506912558,4327.839877386206,0.0,122414998186.47066,0.0
312,1912562.4690278915,6529.385684346459,4324.891322509678,0.0,122196225085.79192,0.0
313,1914784.0652811094,6526.609170754167,4321.931790637682,0.0,121976887178.74965,0.0
314,1916912.8340585162,6523.880208970484,4319.02335811813,0.0,121761579870.5135,0.0
315,1919959.3203955775,3286.5174286656415,8089.878887030688,4563.823347351941,123818982171.18036,68453174186.06121
316,1924605.0685724728,3285.2358967375467,8084.212705044934,4562.871317435497,123507684148.26376,68397936778.01373
317,1928851.0884667716,3283.8547659124793,8078.1060306363415,4561.845835233659,123172621297.8347,68338454116.9664
318,1933171.1244464717,3282.4975565716218,8072.105023542968,4560.838666239371,122843795943.58476,68280050130.42807
319,1937449.408463989,3281.136011333189,8066.084718410632,4559.828824394886,122514351113.91971,68221507609.3658
320,1941715.2497328122,3279.77904366505,8060.084540643948,4558.822923644178,122186443775.29897,68163209847.19083
321,1945966.4119836052,3278.422415092208,8054.085747700606,4557.817824596123,121859046850.67567,68104974615.99605
322,1950200.199742108,3277.067709317784,8048.095333152512,4556.8146923545855,121532541014.3661,68046869534.48408
323,1954416.8041767569,3275.7154344833425,8042.115545082297,4555.813904031148,121207046353.06241,67988916232.46329
324,1958616.6024241995,3274.365431901303,8036.14568138957,4554.815341229561,120882522109.87373,67931107678.792175
325,1962799.9381028584,3273.0175323843487,8030.184993346351,4553.818877896402,120558925213.2106,67873436411.524506
326,1966967.1170265942,3271.671621756025,8024.232975382321,4552.824428816198,120236225989.70903,67815897341.6424
327,1971118.4063523763,3270.3276326623104,8018.289328897841,4551.8319434572795,119914406117.9732,67758487393.78537
328,1975254.036730958,3268.9855303198087,8012.35389861311,4550.841394709583,119593455141.30199,67701204870.59932
329,1979374.1996570304,3267.6452933715154,8006.426587993128,4549.8527647820465,119273365848.48663,67644048633.41112
330,1983479.0527650833,3266.306910626711,8000.507346148144,4548.866044104563,118954133491.66219,67587018000.65348
331,1987568.735723669,3264.9703758426776,7994.596144031577,4547.881226724873,118635754519.37741,67530112502.003265
332,1991643.385604642,3263.6356827590002,7988.692952473648,4546.898306636826,118318225388.23398,67473331666.18393
333,1995703.1386017725,3262.3028245538335,7982.797739777244,4545.91727738137,118001542433.76968,67416674997.89613
334,1999748.1297803202,3260.9717940478527,7976.9104730442905,4544.9381326268785,117685701924.76709,67360141999.29617
335,2003778.493516218,3259.642583543946,7971.031117370541,4543.960865954017,117370700024.60336,67303732160.31311
336,2007794.3631763053,3258.3151847590693,7965.159634754895,4542.985470009554,117056532766.33508,67247444932.21808
337,2011795.8704507235,3256.989589162532,7959.2959860506935,4542.011937216755,116743196138.95395,67191279755.72916
338,2015783.146152208,3255.6657877303787,7953.440129882744,4541.040259599583,116430686029.8019,67135236050.775345
339,2019756.3202417328,3254.34377095017,7947.592022669066,4540.070428788267,116118998226.39603,67079313216.813385
340,2023715.5218473596,3253.023529363584,7941.7516230927,4539.102438504007,115808128569.70169,67023510717.43744
341,2027660.879282645,3251.705051586991,7935.918875596006,4538.136275306008,115498072395.56998,66967827766.329346
342,2031592.5198158277,3250.3883276723027,7930.09373803066,4537.171933927165,115188825480.17145,66912263849.505325
343,2035510.569580292,3249.073346327753,7924.276158858811,4536.209404660098,114880383259.90633,66856818295.493576
344,2039415.1542403658,3247.760095972286,7918.466085264934,4535.248677604353,114572741121.69319,66801490422.59654
345,2043306.3986903569,3246.4485648585046,7912.663463698823,4534.289742756138,114265894432.0614,66746279544.08507
346,2047184.4270637487,3245.1387410779166,7906.868240026089,4533.3325901403905,113959838540.06851,66691184972.20312
347,2051049.3627497319,3243.830612686107,7901.080360556655,4532.377210378005,113654568812.3285,66636206037.41669
348,2054901.328409351,3242.5241674409567,7895.29976987945,4531.423593484462,113350080559.94443,66581342047.67679
349,2058740.4441203207,3241.2193944928645,7889.5264172626685,4530.471730748033,113046369351.71231,66526592378.33335
350,2062566.8217619064,3239.9162824476616,7883.76025395212,4529.5216121620815,112743430907.34825,66471956356.84971
351,2066380.577014001,3238.614821189275,7878.001232377632,4528.573229632565,112441260994.24612,66417433394.40077
352,2070181.8230647566,3237.315000172041,7872.249304613947,4527.626574454694,112139855387.8152,66363022876.66393
353,2073970.6716143605,3236.0168088012647,7866.50442253032,4526.681637914288,111839209868.89093,66308724189.30344
354,2077747.2327669882,3234.720236612281,7860.76653858166,4525.738411416939,111539320265.11102,66254536725.41768
355,2081511.6150613718,3233.425273316402,7855.035606010823,4524.796886520022,111240182461.25102,66200459887.3958
356,2085263.9255005731,3232.1318645214315,7849.311365620515,4523.857017914896,110941781503.17511,66146491098.17323
357,2089004.2695810618,3230.8400888408714,7843.594198557891,4522.918871414355,110644135191.60757,66092633754.48751
358,2092732.7513211516,3229.5498921619314,7837.8838468044305,4521.98240186988,110347228653.18173,66038885291.02435
359,2096449.4732886688,3228.2612648509107,7832.1802664922625,4521.047601361125,110051057986.2721,65985245143.61737
360,2100154.5366280107,3226.974197430393,7826.483414447048,4520.114462096184,109755619340.233,65931712756.18829
361,2103848.041086546,3225.6886805757617,7820.793248171776,4519.182976407925,109460908914.30399,65878287580.546524
362,2107530.0850404,3224.4047009479705,7815.109705803889,4518.253133286533,109166921940.81375,65824968890.262794
363,2111200.765519629,3223.1222521046143,7809.432758648506,4517.324927474575,108873655351.80994,65771756268.62738
364,2114860.1782361893,3221.841326125311,7803.76237077592,4516.398352457971,108581105725.70248,65718649233.04817
365,2118508.417614253,3220.561914275256,7798.098502281585,4515.473401038892,108289269453.52924,65665647265.41225
366,2122145.576795147,3219.2840079472703,7792.441113822402,4514.5500661205415,107998142969.0458,65612749854.1871
367,2125771.7476684656,3218.0075986586985,7786.790166609219,4513.628340710846,107707722747.85501,65559956494.44724
368,2129387.0208953917,3216.7326780599788,7781.145622483729,4512.708217966866,107418005309.58163,65507266689.31985
369,2132991.4859305923,3215.4592379120536,7775.507443743158,4511.789691103676,107128987211.6174,65454679946.85916
370,2136585.2310436135,3214.1872700900967,7769.875593177138,4510.872753417058,106840665049.99759,65402195780.76708
371,2140168.343339798,3212.9167665837763,7764.2500340764145,4509.9573982909,106553035459.33736,65349813710.59782
372,2143740.908780729,3211.647719495311,7758.630730223565,4509.04361919492,106266095112.17233,65297533261.636826
373,2147303.012204219,3210.3801210375696,7753.01764588396,4508.131409682468,105979840718.31448,65245353964.782974
374,2150854.737343854,3209.1139635321997,7747.41074579692,4507.220763388367,105694269024.22089,65193275356.43311
375,2154396.1668481044,3207.8492394078103,7741.809995166994,4506.311674026798,105409376812.37454,65141296978.369255
376,2157927.3822990167,3206.5859411981737,7736.215359655511,4505.4041353892535,105125160900.6802,65089418377.648705
377,2161448.464230493,3205.3240615336426,7730.626805341969,4504.498141337622,104841618140.33598,65037639106.21596
378,2164959.4921461735,3204.0635931245347,7725.044298667595,4503.5936858089235,104558745412.12814,64985958720.68953
379,2168460.5445369286,3202.804528895392,7719.467807278527,4502.69076315533,104276539659.25662,64934376794.87811
380,2171951.698897976,3201.546861652233,7713.8972984678185,4501.789367463939,103994997825.31049,64882892893.3821
381,2175433.031745626,3200.290584421849,7708.332740199642,4500.889492959556,103714116900.39517,64831506590.095474
382,2178904.6187423817,3199.0356905878425,7702.774101549662,4499.99113423505,103433893938.10025,64780217477.568756
383,2182366.5348160337,3197.78217329656,7697.221350928811,4499.094285623861,103154325972.53418,64729025136.88026
384,2185818.8539160695,3196.5300258038587,7691.674457225622,4498.198941539761,102875410072.83325,64677929154.45181
385,2189261.6491181348,3195.279241441454,7686.133389656533,4497.305096451978,102597143335.48116,64626929120.63919
386,2192694.9924747525,3194.029813675134,7680.598118023162,4496.412744925996,102319522897.08502,64576024632.07077
387,2196118.9551701043,3192.781736052565,7675.068612480527,4495.521881585477,102042545922.57083,64525215289.48323
388,2199533.607563822,3191.5350021913027,7669.544843483342,4494.632501102978,101766209602.3706,64474500697.2024
389,2202939.0191865643,3190.2896057840358,7664.026781808689,4493.744598203015,101490511153.44394,64423880463.32744
390,2206335.2587897377,3189.0455406162414,7658.5143987437805,4492.8581677812335,101215447824.31264,64373354203.492325
391,2209722.3942952766,3187.802800629827,7653.007666508503,4491.973205086021,100941016910.5699,64322921547.33063
392,2213100.492828982,3186.561379772799,7647.506557103657,4491.089705137774,100667215715.85522,64272582118.783325
393,2216469.6207351633,3185.3212720623533,7642.011042813536,4490.207662991457,100394041568.29501,64222335544.89787
394,2219829.8435890027,3184.082471588684,7636.5210962392375,4489.327073755197,100121491821.40282,64172181456.428696
395,2223181.2262086812,3182.8449725137907,7631.036690292714,4488.447932588618,99849563853.67856,64122119487.75596
396,2226523.832667437,3181.6087690702575,7625.55779819067,4487.570234701173,99578255068.20142,64072149276.80386
397,2229857.7263056072,3180.3738662770024,7620.084424288703,4486.693987058075,99307564276.18149,64022271014.81645
398,2233182.969741623,3179.140237061813,7614.616480683543,4485.819161548039,99037486156.82849,63972483246.39542
399,2236499.6248835754,3177.907886587046,7609.153972341114,4484.945765228153,98768019572.44287,63922786169.93109
400,2239807.7529404084,3176.6768093556598,7603.696873637841,4484.073793491168,98499162020.48145,63873179436.73697
401,2243107.4144326365,3175.4469999357725,7598.2451592278085,4483.203241772165,98230911021.14526,63823662701.30405
402,2246398.669202785,3174.218452989273,7592.798804268284,4482.334105664068,97963264124.62917,63774235625.154564
403,2249681.5764259542,3172.9911633408415,7587.35778495593,4481.466381188205,97696218928.62631,63724897885.90404
404,2252956.194620042,3171.765125795714,7581.922077116433,4480.600064082637,97429773031.5523,63675649153.33139
405,2256222.581655776,3170.54033521217,7576.4916567707,4479.735150090467,97163924051.09567,63626489099.045654
406,2259480.794766547,3169.316786510658,7571.066500208414,4478.871634998172,96898669626.47893,63577417397.7529
407,2262730.8905581664,3168.0944746727137,7565.646583982489,4478.009514634001,96634007418.10492,63528433727.181046
408,2265972.9250183264,3166.873394739933,7560.231884903832,4477.1487848664365,96369935107.21997,63479537768.00828
409,2269206.9535256997,3165.653541813038,7554.822380036521,4476.28944160276,96106450395.59802,63430729203.79594
410,2272433.0308591477,3164.434911050849,7549.418046692578,4475.431480787563,95843551005.2073,63382007720.91857
411,2275651.2112066573,3163.217497669311,7544.0188624269995,4474.574898401309,95581234677.8905,63333373008.49672
412,2278861.5481741065,3162.00129694053,7538.624805032884,4473.719690458957,95319499175.05112,63284824758.33167
413,2282064.0947938715,3160.786304191834,7533.235852536634,4472.865853008586,95058342277.34486,63236362664.8411
414,2285258.903533079,3159.5725148049346,7527.85198319371,4472.013382130199,94797761784.39706,63187986425.00199
415,2288446.0263017546,3158.3599243155145,7522.473176251993,4471.162274313533,94537755539.72931,63139695751.00566
416,2291625.5144614694,3157.1485283358406,7517.099411359819,4470.312526164291,94278321411.11511,63091490360.37824
417,2294797.4188330825,3155.9383224516905,7511.730667780924,4469.4641340178905,94019457264.67401,63043369963.01167
418,2297961.7897045654,3154.729302302479,7506.366925010287,4468.617094245477,93761160984.97458,62995334271.41261
419,2301118.6768386904,3153.52146358035,7501.008162769312,4467.771403252409,93503430474.7393,62947383000.63527
420,2304268.1294805803,3152.3148020292865,7495.654361001155,4466.927057476802,93246263654.5563,62899515868.21635
421,2307410.1963651073,3151.1093134441967,7490.30549986592,4466.084053388067,92989658462.58694,62851732594.10945
422,2310544.9257241483,3149.90499366922,7484.9615597324355,4465.24238748494,92733612854.11058,62804032900.58989
423,2313672.365293784,3148.7018385983974,7479.622521180532,4464.402056295171,92478124801.57355,62756416512.25374
424,2316792.562321297,3147.499844174613,7474.288364995697,4463.563056374048,92223192294.27313,62708883155.94945
425,2319905.5635720617,3146.2990063883094,7468.959072162681,4462.725384302764,91968813337.99304,62661432560.70088
426,2323011.4153363165,3145.0993212766734,7463.634623861277,4461.88903668715,91714985954.74368,62614064457.65035
427,2326110.1634358116,3143.9007849228287,7458.315001462114,4461.054010156429,91461708182.50473,62566778580.00233
428,2329201.8532303437,3142.70339352437,7453.000187045275,4460.220301614348,91208978092.0395,62519574671.42215
429,2332286.5296241767,3141.5071434072474,7447.690163504074,4459.387908287748,90956793790.12747,62472452487.64573
430,2335364.2370723407,3140.3120308448706,7442.384913182306,4458.556827069109,90705153374.95094,62425411774.44098
431,2338435.0195868276,3139.1180521552856,7437.084418610371,4457.727054873866,90454054960.03763,62378452279.56657
432,2341498.920742681,3137.925203702599,7431.788662517589,4456.898588647015,90203496674.55063,62331573752.98004
433,2344555.983683975,3136.7335235959767,7426.49782925928,4456.0714591347905,89953485984.70952,62284777718.91943
434,2347606.251129694,3135.542924857975,7421.211498942999,4455.245595751715,89704002388.31134,62238060384.70977
435,2350649.765379511,3134.3534457175824,7415.929856443648,4454.421029334688,89455053400.15668,62191423281.23517
436,2353686.568319464,3133.165082715191,7410.65288524258,4453.597756932312,89206637209.43951,62144866166.63002
437,2356716.701427541,3131.9778324333347,7405.380568998576,4452.775775615588,88958752019.75388,62098388800.9248
438,2359740.205779158,3130.7916914959314,7400.112891543743,4451.955082476581,88711396048.85815,62051990945.98937
439,2362757.122052556,3129.6066565941305,7394.849837077712,4451.135674720976,88464567534.884,62005672368.61936
440,2365767.4905341025,3128.4227245556194,7389.5913906844235,4450.317549912102,88218264753.00455,61959432848.69106
441,2368771.3511235043,3127.2398921736244,7384.337537057435,4449.500705367121,87972485973.90977,61913272158.93826
442,2371768.743338949,3126.058156272363,7379.088260990796,4448.685138391127,87727229479.67648,61867190072.77825
443,2374759.70632233,3124.8775161031867,7373.84355898573,4447.870848237617,87482494093.02524,61821186466.211975
444,2377744.278843859,3123.6979670176684,7368.603408674438,4447.057831001507,87238277778.67184,61775261050.57555
445,2380722.4993070196,3122.5195053359935,7363.367792345325,4446.246083549097,86994578720.96841,61729413578.293236
446,2383694.405753417,3121.342128052145,7358.136695518689,4445.435603278306,86751395257.7244,61683643830.30107
447,2386660.035867494,3120.1658321986984,7352.910103876217,4444.626387605144,86508725739.70111,61637951589.18878
448,2389619.426981169,3118.990614846149,7347.688003257208,4443.81843396241,86266568530.40263,61592336639.14655
449,2392572.616078389,3117.8164731019288,7342.470379653448,4443.011739798222,86024922005.8039,61546798765.90105
450,2395519.6397996224,3116.6434041097496,7337.257219205545,4442.206302574768,85783784554.14804,61501337756.66455
451,2398460.5344462693,3115.4714051384713,7332.048508858835,4441.402120072755,85543154597.0569,61455953410.30975
452,2401395.335985,3114.300473555022,7326.844236162,4440.599190295957,85303030582.89673,61410645534.16583
453,2404324.08005203,3113.1306066633038,7321.644388081395,4439.797510922256,85063410948.387,61365413925.64623
454,2407246.80195732,3111.9618018040514,7316.448951739331,4438.997079647412,84824294142.39694,61320258383.74047
455,2410163.536688712,3110.794056354758,7311.25791441453,4438.197894185646,84585678625.88092,61275178709.02522
456,2413074.3189159976,3109.627367729006,7306.071263538209,4437.399952268208,84347562871.67358,61230174703.607834
457,2415979.1829949226,3108.461733375806,7300.888986690294,4436.603251641993,84109945364.29056,61185246171.07179
458,2418878.162971127,3107.2971507789484,7295.7110715956,4435.807790068167,83872824599.72934,61140392916.42265
459,2421771.2925840244,3106.1336174563653,7290.5375061201885,4435.0135653208545,83636199085.2774,61095614746.0361
460,2424658.605270617,3104.9711309594927,7285.368278267678,4434.220575185827,83400067339.3197,61050911467.60638
461,2427540.1341692563,3103.8096888726523,7280.20337617569,4433.42881745926,83164427891.15207,61006282890.096695
462,2430415.912123337,3102.6492888124317,7275.0427881123,4432.638289946477,82929279280.79572,60961728823.68997
463,2433285.9716849406,3101.489928498499,7269.886502992604,4431.848990696561,82694620075.5277,60917249087.62654
464,2436150.3451184193,3100.3316058156556,7264.734510828447,4431.060918204118,82460448884.21991,60872843516.94314
465,2439009.064403923,3099.1743185441933,7259.586800765239,4430.274070518682,82226764294.16791,60828511932.684235
466,2441862.161240874,3098.018064491135,7254.443362040468,4429.488445681425,81993564901.85712,60784254156.49924
467,2444709.6670513875,3096.862841496917,7249.3041840331925,4428.704041747926,81760849314.48656,60740070011.39699
468,2447551.6129836394,3095.7086474347516,7244.169256260233,4427.920856786713,81528616149.78015,60695959321.690384
469,2450388.029915182,3094.5554802100014,7239.038568372406,4427.138888877846,81296864035.80017,60651921912.942276
470,2453218.9484562115,3093.403337759556,7233.912110150826,4426.358136111531,81065591610.76404,60607957611.9127
471,2456044.398952781,3092.252218051199,7228.789871503162,4425.5785965867535,80834797522.85977,60564066246.50633
472,2458864.4114899724,3091.102119083008,7223.671842460078,4424.80026840996,80604480430.06973,60520247645.72237
473,2461679.0158950114,3089.953038882823,7218.5580131719935,4424.023149693819,80374639000.00912,60476501639.60776
474,2464488.2417403436,3088.8049755076117,7213.44837390542,4423.24723855593,80145271909.74548,60432828059.207504
475,2467292.1183466585,3087.657927043133,7208.342915041305,4422.472533118393,79916377845.68607,60389226736.543915
476,2470090.6747858725,3086.5118917464156,7203.241628100173,4421.699031961893,79687955536.26843,60345697519.79498
477,2472883.9398840647,3085.3668679298253,7198.144504905239,4420.926733751976,79460003725.10379,60302240260.79213
478,2475671.942224371,3084.2228538390777,7193.0515367068265,4420.15563685237,79232521142.96085,60258854802.08524
479,2478454.7101498325,3083.0798477520884,7187.96271489508,4419.385739641825,79005506530.49567,60215540987.53159
480,2481232.2717662067,3081.937847978337,7182.878030995951,4418.617040512497,78778958638.06609,60172298662.23631
481,2484004.6549447305,3080.7968528582273,7177.7974766672005,4417.849537868338,78552876225.54709,60129127672.4937
482,2486771.887324849,3079.6568607624704,7172.721043694519,4417.083230123559,78327258062.15146,60086027865.730484
483,2489533.9963169033,3078.5178700914544,7167.648723987673,4416.318115701106,78102102926.25134,60042999090.45003
484,2492291.009104773,3077.3798792746456,7162.580509576742,4415.554193031188,77877409605.20493,60000041196.17819
485,2495042.952648489,3076.2428867699787,7157.516392608365,4414.791460549831,77653176895.18304,59957154033.41005
486,2497789.8536868016,3075.1068910744925,7152.456365422135,4414.029916732256,77429403603.54529,59914337454.72143
487,2500531.738739717,3073.9718908485675,7147.400421434602,4413.26956047606,77206088576.88158,59871591327.58031
488,2503268.6341109923,3072.8378847186195,7142.348553732863,4412.510390488717,76983230656.20844,59828915513.85881
489,2506000.5658905976,3071.7048713066265,7137.3007552868385,4411.752405381253,76760828683.69333,59786309872.96111
490,2508727.5599571415,3070.57284926406,7132.257019191827,4410.995603774056,76538881510.31519,59743774265.35675
491,2511449.641980264,3069.4418172713245,7127.217338664862,4410.239984295327,76317387995.70206,59701308552.525566
492,2514166.8374229926,3068.3117740371513,7122.1817070408315,4409.485545579523,76096347007.95908,59658912596.90161
493,2516879.1715440666,3067.182718297964,7117.150117768534,4408.732286265816,75875757423.49332,59616586261.81734
494,2519586.669400228,3066.054648817317,7112.1225644070755,4407.980204996631,75655618126.85406,59574329411.45143
495,2522289.355848483,3064.9275643853052,7107.099040622189,4407.229300416209,75435928010.56924,59532141910.77673
496,2524987.2555483226,3063.8014638179325,7102.07954018234,4406.479571169156,75216685974.9733,59490023625.50735
497,2527680.3929639477,3062.67634596424,7097.064057009536,4405.73101592222,74997890929.76837,59447974422.82345
498,2530368.7923680167,3061.5522098873143,7092.052586455595,4404.983633906897,74779541834.30447,59405994189.515396
499,2533052.477841699,3060.429054618111,7087.045123562885,4404.23742417622,74561637642.49725,59364082807.12507
